trans_id,account_num,trans_date,trans_type,trans_amt,cus_balance
3562280,0000000960,981231,CREDIT,367.00,78486.10
3563549,0000000998,981231,CREDIT,211.50,22380.50
3565719,0000001069,981231,CREDIT,101.70,25220.50
3565478,0000001058,981231,CREDIT,299.20,82264.10
3564134,0000001016,981231,CREDIT,455.50,119384.50
3564186,0000001017,981231,CREDIT,164.10,47123.90
3562738,0000000977,981231,CREDIT,431.70,99679.70
3565448,0000001057,981231,CREDIT,110.60,25705.60
3562324,0000000962,981231,CREDIT,68.60,15396.40
3563840,0000001005,981231,CREDIT,460.70,107122.40
3562537,0000000971,981231,CREDIT,106.40,28342.80
3566041,0000001078,981231,CREDIT,117.30,29144.90
3562491,0000000968,981231,CREDIT,118.90,28294.50
3564253,0000001018,981231,CREDIT,91.40,22388.30
3562561,0000000972,981231,CREDIT,82.90,19773.00
3565596,0000001062,981231,CREDIT,140.20,30024.80
3562294,0000000961,981231,CREDIT,101.60,25239.30
3566104,0000001079,981231,CREDIT,319.30,74824.50
3565751,0000001070,981231,CREDIT,132.40,36542.60
3565636,0000001067,981231,CREDIT,361.50,71967.60
3563715,0000001002,981231,CREDIT,101.60,23340.40
3562635,0000000975,981231,CREDIT,83.60,20652.70
3565608,0000001064,981231,CREDIT,104.90,24467.90
3563978,0000001009,981231,CREDIT,291.00,89742.50
3563688,0000001000,981231,CREDIT,339.10,91329.00
3564071,0000001015,981231,CREDIT,74.70,14184.30
3563742,0000001003,981231,CREDIT,263.70,70430.80
3565517,0000001059,981231,CREDIT,57.30,14077.60
3563937,0000001008,981231,CREDIT,86.00,19409.10
3562670,0000000976,981231,CREDIT,243.00,54666.20
3564026,0000001011,981231,CREDIT,255.80,56593.80
3562508,0000000970,981231,CREDIT,293.20,75959.00
3565658,0000001068,981231,CREDIT,130.30,30116.50
3564053,0000001013,981231,CREDIT,99.00,23279.90
3565531,0000001061,981231,CREDIT,47.80,13385.20
3563770,0000001004,981231,CREDIT,354.80,76546.30
3563910,0000001006,981231,CREDIT,201.90,50207.30
3562611,0000000973,981231,CREDIT,92.90,24105.50
3564611,0000001034,981231,CREDIT,96.50,24844.70
3565009,0000001047,981231,CREDIT,125.50,33084.60
3564514,0000001029,981231,CREDIT,390.60,57891.60
3563288,0000000990,981231,CREDIT,330.00,86497.10
3564954,0000001046,981231,CREDIT,154.10,38704.50
3564910,0000001045,981231,CREDIT,64.30,17564.80
3564548,0000001030,981231,CREDIT,194.10,47186.20
3563249,0000000989,981231,CREDIT,76.30,18141.00
3563008,0000000982,981231,CREDIT,92.50,21159.10
3564878,0000001044,981231,CREDIT,125.10,34230.30
3564590,0000001031,981231,CREDIT,212.10,52733.00
3565920,0000001074,981231,CREDIT,396.40,105596.20
3564357,0000001020,981231,CREDIT,79.50,19422.10
3564841,0000001043,981231,CREDIT,310.80,76235.30
3564484,0000001027,981231,CREDIT,87.00,21413.90
3565889,0000001073,981231,CREDIT,391.50,95933.10
3563196,0000000988,981231,CREDIT,129.80,33193.80
3564825,0000001040,981231,CREDIT,130.50,42138.90
3564631,0000001035,981231,CREDIT,245.10,56435.70
3562426,0000000966,981231,CREDIT,95.60,22726.40
3564666,0000001036,981231,CREDIT,324.90,78261.70
3564796,0000001039,981231,CREDIT,429.30,105476.80
3563089,0000000985,981231,CREDIT,86.10,20891.50
3564688,0000001037,981231,CREDIT,265.00,61658.30
3563121,0000000986,981231,CREDIT,98.70,23556.20
3562416,0000000965,981231,CREDIT,71.90,18388.30
3564728,0000001038,981231,CREDIT,90.50,21963.90
3563038,0000000984,981231,CREDIT,102.50,26493.50
3562868,0000000979,981231,CREDIT,140.90,44327.40
3563487,0000000997,981231,CREDIT,95.20,22539.00
3565367,0000001055,981231,CREDIT,82.60,19555.70
3563468,0000000996,981231,CREDIT,91.80,19563.20
3562798,0000000978,981231,CREDIT,356.00,82240.20
3563455,0000000995,981231,CREDIT,119.70,28272.10
3565347,0000001054,981231,CREDIT,86.10,24418.30
3565277,0000001053,981231,CREDIT,143.40,35862.80
3563149,0000000987,981231,CREDIT,192.60,48798.50
3563419,0000000993,981231,CREDIT,319.00,104413.00
3565222,0000001051,981231,CREDIT,108.40,20391.40
3565819,0000001071,981231,CREDIT,133.20,27639.70
3564378,0000001021,981231,CREDIT,103.20,24409.60
3562937,0000000981,981231,CREDIT,410.70,104434.90
3562352,0000000963,981231,CREDIT,333.40,83225.00
3565961,0000001075,981231,CREDIT,222.20,53651.80
3565160,0000001050,981231,CREDIT,373.40,103727.50
3566011,0000001076,981231,CREDIT,336.70,83637.50
3562892,0000000980,981231,CREDIT,237.90,57309.40
3564431,0000001022,981231,CREDIT,326.10,86837.40
3563355,0000000991,981231,CREDIT,276.40,54662.60
3565831,0000001072,981231,CREDIT,181.90,44517.60
3565090,0000001049,981231,CREDIT,148.00,35298.90
3564451,0000001024,981231,CREDIT,84.40,20434.90
3565077,0000001048,981231,CREDIT,75.50,16962.80
3564467,0000001026,981231,CREDIT,242.60,56101.30
3562454,0000000967,981231,CREDIT,181.40,58576.00
3564324,0000001019,981231,CREDIT,215.80,56756.70
3563394,0000000992,981231,CREDIT,105.60,25763.20
3593676,0000001912,981231,CREDIT,167.80,41511.50
3592886,0000001891,981231,CREDIT,365.80,89510.70
3590104,0000001812,981231,CREDIT,68.40,15459.80
3591314,0000001838,981231,CREDIT,262.60,58445.70
3593226,0000001900,981231,CREDIT,217.00,48732.90
3591169,0000001835,981231,CREDIT,375.40,91379.00
3591350,0000001841,981231,CREDIT,190.50,45660.00
3591332,0000001839,981231,CREDIT,278.40,72378.20
3589918,0000001808,981231,CREDIT,237.50,47885.80
3591121,0000001834,981231,CREDIT,323.10,80273.60
3590458,0000001821,981231,CREDIT,106.30,30636.00
3592818,0000001889,981231,CREDIT,167.90,41574.90
3591203,0000001836,981231,CREDIT,188.00,50069.70
3593616,0000001910,981231,CREDIT,393.10,96250.80
3591269,0000001837,981231,CREDIT,362.40,78056.80
3592776,0000001888,981231,WITHDRAWAL,36.20,-3350.90
3592976,0000001893,981231,CREDIT,200.80,36435.20
3590608,0000001824,981231,CREDIT,322.40,72079.90
3593068,0000001896,981231,CREDIT,109.00,25392.00
3589888,0000001806,981231,CREDIT,78.20,17462.00
3593754,0000001914,981231,CREDIT,323.60,79418.10
3590645,0000001825,981231,CREDIT,237.00,58259.10
3590700,0000001826,981231,CREDIT,180.00,45910.10
3593006,0000001895,981231,CREDIT,190.10,50219.20
3590764,0000001827,981231,CREDIT,127.30,31957.30
3590549,0000001823,981231,CREDIT,90.80,20179.80
3592947,0000001892,981231,CREDIT,96.70,23681.60
3590814,0000001828,981231,CREDIT,144.80,64383.70
3593197,0000001899,981231,CREDIT,80.00,18665.60
3590884,0000001829,981231,CREDIT,106.50,26452.80
3590526,0000001822,981231,CREDIT,168.10,41981.10
3589902,0000001807,981231,CREDIT,233.20,58503.90
3593707,0000001913,981231,CREDIT,286.00,69124.80
3590954,0000001830,981231,CREDIT,162.50,39946.80
3590082,0000001811,981231,CREDIT,246.00,59939.30
3591013,0000001831,981231,CREDIT,102.50,24386.50
3591420,0000001843,981231,CREDIT,135.00,31576.90
3591046,0000001832,981231,CREDIT,175.30,52097.10
3591056,0000001833,981231,CREDIT,148.10,35981.30
3593171,0000001898,981231,CREDIT,99.90,23388.00
3592512,0000001877,981231,CREDIT,200.20,48561.60
3591492,0000001844,981231,CREDIT,181.10,43524.80
3593420,0000001905,981231,CREDIT,84.60,20335.50
3590163,0000001813,981231,CREDIT,404.40,91007.50
3593263,0000001901,981231,CREDIT,113.60,20681.70
3591935,0000001858,981231,CREDIT,104.20,24690.30
3592568,0000001879,981231,CREDIT,69.20,16732.80
3591970,0000001859,981231,CREDIT,78.00,20148.80
3591994,0000001860,981231,CREDIT,84.10,20550.40
3592060,0000001861,981231,CREDIT,373.80,89777.20
3590176,0000001814,981231,CREDIT,154.00,37486.30
3591892,0000001857,981231,CREDIT,237.10,57522.10
3589979,0000001809,981231,CREDIT,281.10,62925.70
3593102,0000001897,981231,CREDIT,124.20,24587.00
3592125,0000001863,981231,CREDIT,229.60,56047.80
3593389,0000001904,981231,CREDIT,161.30,41632.60
3592181,0000001865,981231,CREDIT,91.50,21833.40
3590244,0000001815,981231,CREDIT,159.10,42692.10
3592455,0000001876,981231,CREDIT,225.30,48903.00
3593328,0000001902,981231,CREDIT,258.00,66516.20
3592233,0000001869,981231,CREDIT,359.00,93167.10
3593358,0000001903,981231,CREDIT,257.00,62095.50
3592440,0000001875,981231,CREDIT,94.90,23615.90
3592248,0000001872,981231,CREDIT,230.70,61165.60
3592104,0000001862,981231,CREDIT,322.10,75553.30
3591715,0000001851,981231,CREDIT,220.30,46087.20
3593589,0000001909,981231,CREDIT,60.80,14968.10
3592775,0000001888,981231,CREDIT,28.10,-3341.70
3590019,0000001810,981231,CREDIT,104.80,24099.40
3591876,0000001856,981231,CREDIT,127.20,30876.10
3591508,0000001845,981231,CREDIT,157.00,26694.20
3592380,0000001874,981231,CREDIT,117.70,28896.70
3591546,0000001846,981231,CREDIT,105.80,25586.10
3593522,0000001908,981231,CREDIT,69.30,19182.50
3592746,0000001887,981231,CREDIT,95.90,24790.60
3591579,0000001847,981231,CREDIT,222.10,53077.40
3590307,0000001816,981231,CREDIT,76.10,19188.50
3592678,0000001886,981231,CREDIT,191.70,49269.60
3590413,0000001820,981231,CREDIT,109.50,29686.40
3593470,0000001907,981231,CREDIT,246.90,67348.50
3590357,0000001819,981231,CREDIT,322.20,105344.10
3592644,0000001882,981231,CREDIT,78.70,14503.50
3591781,0000001852,981231,CREDIT,127.90,31856.20
3591804,0000001854,981231,CREDIT,220.50,41053.10
3592584,0000001881,981231,CREDIT,99.40,26759.60
3591826,0000001855,981231,CREDIT,112.60,27195.20
3593449,0000001906,981231,CREDIT,162.60,38787.10
3590331,0000001817,981231,CREDIT,258.00,60022.90
3592194,0000001866,981231,CREDIT,196.90,47114.20
3591632,0000001848,981231,CREDIT,124.20,28199.60
3619956,0000002703,981231,CREDIT,82.70,20377.30
3620092,0000002709,981231,CREDIT,74.10,17459.20
3620281,0000002713,981231,CREDIT,219.60,54374.00
3620713,0000002731,981231,CREDIT,276.10,68215.30
3619911,0000002701,981231,CREDIT,206.70,50327.30
3617596,0000002636,981231,CREDIT,82.10,20364.60
3620159,0000002711,981231,CREDIT,219.40,53892.20
3620070,0000002707,981231,CREDIT,195.50,48451.30
3620224,0000002712,981231,CREDIT,112.20,18431.10
3619946,0000002702,981231,CREDIT,159.80,42698.60
3617093,0000002618,981231,CREDIT,118.70,30152.50
3620296,0000002715,981231,CREDIT,98.30,24234.70
3617124,0000002619,981231,CREDIT,156.80,39871.20
3620022,0000002705,981231,CREDIT,246.10,63346.60
3617620,0000002637,981231,CREDIT,151.70,42296.30
3618638,0000002664,981231,CREDIT,339.40,83132.90
3617770,0000002640,981231,CREDIT,297.20,70206.70
3618453,0000002657,981231,CREDIT,117.20,28249.70
3617838,0000002641,981231,CREDIT,435.50,112332.50
3618462,0000002658,981231,CREDIT,91.30,21169.60
3618484,0000002661,981231,CREDIT,81.90,21258.20
3620512,0000002724,981231,CREDIT,269.70,60437.50
3618535,0000002662,981231,CREDIT,119.40,29397.30
3617432,0000002627,981231,CREDIT,95.00,22635.90
3620857,0000002734,981231,CREDIT,198.60,47965.00
3618408,0000002655,981231,CREDIT,135.00,29299.00
3617381,0000002625,981231,CREDIT,240.10,51421.40
3620484,0000002723,981231,CREDIT,115.20,31154.80
3620595,0000002728,981231,CREDIT,242.90,52920.40
3618708,0000002666,981231,CREDIT,70.40,17879.10
3618766,0000002667,981231,CREDIT,102.80,25342.80
3617351,0000002624,981231,CREDIT,264.40,65289.90
3618785,0000002668,981231,CREDIT,113.10,26194.60
3618579,0000002663,981231,CREDIT,134.70,33204.70
3618208,0000002650,981231,CREDIT,301.60,77477.60
3618024,0000002645,981231,CREDIT,126.00,34591.90
3617957,0000002644,981231,CREDIT,119.10,27487.60
3620642,0000002729,981231,CREDIT,330.90,81794.50
3618040,0000002646,981231,CREDIT,182.50,62608.10
3620577,0000002726,981231,CREDIT,351.30,77232.40
3618111,0000002647,981231,CREDIT,466.20,104800.10
3621014,0000002737,981231,CREDIT,258.30,60823.90
3618426,0000002656,981231,CREDIT,126.60,31896.70
3617489,0000002631,981231,CREDIT,143.10,34927.30
3620438,0000002722,981231,CREDIT,122.10,29303.70
3620533,0000002725,981231,CREDIT,297.00,77685.60
3617882,0000002642,981231,CREDIT,33.90,3974.80
3618277,0000002651,981231,CREDIT,157.90,24800.50
3618306,0000002652,981231,CREDIT,208.00,50927.20
3617460,0000002629,981231,CREDIT,102.40,46740.30
3618330,0000002653,981231,CREDIT,275.80,73958.00
3618380,0000002654,981231,CREDIT,81.60,18168.50
3618175,0000002649,981231,CREDIT,281.90,68408.60
3620357,0000002717,981231,CREDIT,91.60,21196.40
3619368,0000002687,981231,CREDIT,119.10,30057.20
3617227,0000002621,981231,CREDIT,76.50,15649.00
3619410,0000002688,981231,CREDIT,62.80,14969.60
3619434,0000002689,981231,CREDIT,231.30,46263.00
3617575,0000002634,981231,CREDIT,387.60,94101.20
3619451,0000002690,981231,CREDIT,91.50,22742.00
3619530,0000002692,981231,CREDIT,149.10,35932.60
3620833,0000002733,981231,CREDIT,142.90,34828.40
3617189,0000002620,981231,CREDIT,207.30,52668.60
3617743,0000002639,981231,CREDIT,211.70,61947.40
3619613,0000002694,981231,CREDIT,352.60,82253.90
3617675,0000002638,981231,CREDIT,330.70,86522.90
3619676,0000002695,981231,CREDIT,370.00,86295.10
3619695,0000002696,981231,CREDIT,92.10,21092.40
3620332,0000002716,981231,CREDIT,137.20,40086.30
3619761,0000002697,981231,CREDIT,310.10,75160.50
3619785,0000002699,981231,CREDIT,255.80,52446.70
3619543,0000002693,981231,CREDIT,225.90,58277.30
3619100,0000002676,981231,CREDIT,208.80,58126.20
3619846,0000002700,981231,CREDIT,107.60,21162.30
3618951,0000002671,981231,CREDIT,152.00,38914.00
3617318,0000002623,981231,CREDIT,289.10,70654.80
3618969,0000002672,981231,CREDIT,74.50,17456.10
3620424,0000002721,981231,CREDIT,97.20,21593.90
3617561,0000002632,981231,CREDIT,248.00,62959.30
3619029,0000002673,981231,CREDIT,133.60,32258.80
3620392,0000002719,981231,CREDIT,69.00,18067.10
3620984,0000002736,981231,CREDIT,119.20,29331.70
3619302,0000002686,981231,CREDIT,62.90,16426.20
3619128,0000002677,981231,CREDIT,143.90,41461.00
3619145,0000002678,981231,CREDIT,318.30,61601.50
3620674,0000002730,981231,CREDIT,103.70,23942.70
3619160,0000002679,981231,CREDIT,120.30,29880.30
3619207,0000002681,981231,CREDIT,367.60,95252.70
3617255,0000002622,981231,CREDIT,150.80,30097.00
3619266,0000002685,981231,CREDIT,110.20,26623.70
3618888,0000002670,981231,CREDIT,151.40,39633.60
3620411,0000002720,981231,CREDIT,219.10,75509.70
3677792,0000006701,981231,CREDIT,171.20,42266.00
3682627,0000008225,981231,CREDIT,132.90,37568.50
3677816,0000006706,981231,CREDIT,178.60,46144.70
3681216,0000000019,981231,CREDIT,32.90,10873.00
3674336,0000006097,981231,CREDIT,122.00,29604.20
3676661,0000006472,981231,CREDIT,227.60,58992.20
3681560,0000001888,981231,CREDIT,27.00,-3314.70
3677921,0000006738,981231,CREDIT,180.30,46885.40
3682518,0000007418,981231,CREDIT,71.50,16787.70
3678338,0000006792,981231,CREDIT,151.20,40887.10
3673732,0000005952,981231,CREDIT,286.20,72327.10
3675895,0000006353,981231,CREDIT,234.70,66200.60
3674201,0000006061,981231,CREDIT,198.20,51140.20
3682427,0000006118,981231,CREDIT,141.40,38013.60
3676602,0000006461,981231,CREDIT,165.40,25535.00
3675341,0000006265,981231,CREDIT,176.50,34409.00
3678557,0000006856,981231,CREDIT,121.30,29354.10
3681167,0000007274,981231,CREDIT,167.70,30039.00
3681561,0000001888,981231,WITHDRAWAL,36.70,-3387.60
3681316,0000000808,981231,CREDIT,108.80,30105.40
3682839,0000009814,981231,CREDIT,348.90,81605.30
3681397,0000001012,981231,CREDIT,161.90,43192.30
3677144,0000006592,981231,CREDIT,313.80,87956.20
3673921,0000005991,981231,CREDIT,109.80,32064.00
3673205,0000005837,981231,CREDIT,175.00,32882.00
3672797,0000005742,981231,CREDIT,121.90,26154.30
3676810,0000006510,981231,CREDIT,199.90,43706.70
3675406,0000006273,981231,CREDIT,232.40,65643.00
3677256,0000006609,981231,CREDIT,312.60,99984.00
3682753,0000009337,981231,CREDIT,93.20,30208.30
3677722,0000006699,981231,CREDIT,264.60,37531.40
3677416,0000006649,981231,CREDIT,253.00,59578.60
3682666,0000009017,981231,CREDIT,54.70,21318.20
3677628,0000006678,981231,CREDIT,229.80,25588.10
3674229,0000006062,981231,CREDIT,208.50,41691.30
3682685,0000009208,981231,CREDIT,98.50,27011.40
3676785,0000006505,981231,CREDIT,183.90,39932.50
3681502,0000001498,981231,CREDIT,182.60,68657.70
3677662,0000006686,981231,CREDIT,140.30,21735.10
3681243,0000000103,981231,CREDIT,161.30,38023.20
3677692,0000006688,981231,CREDIT,197.30,49966.40
3672850,0000005758,981231,CREDIT,206.60,54595.60
3676573,0000006453,981231,CREDIT,93.70,20393.10
3676769,0000006495,981231,CREDIT,124.00,24244.60
3675521,0000006289,981231,CREDIT,381.00,73347.30
3680434,0000007133,981231,CREDIT,66.80,16888.60
3676035,0000006363,981231,CREDIT,284.80,70539.20
3682047,0000004858,981231,CREDIT,128.30,33114.90
3680146,0000007099,981231,CREDIT,97.60,19213.20
3680682,0000007181,981231,CREDIT,217.70,83607.30
3680323,0000007123,981231,CREDIT,329.00,75197.40
3676337,0000006425,981231,CREDIT,105.30,27213.80
3681663,0000002572,981231,CREDIT,316.80,91846.50
3674661,0000006157,981231,CREDIT,201.10,61231.10
3673514,0000005912,981231,CREDIT,138.80,34943.00
3674111,0000006040,981231,CREDIT,122.50,22611.30
3681108,0000007262,981231,CREDIT,168.70,40855.30
3675151,0000006226,981231,CREDIT,416.20,94872.80
3673668,0000005944,981231,CREDIT,238.60,62438.30
3680652,0000007180,981231,CREDIT,346.00,82340.20
3680477,0000007136,981231,CREDIT,144.70,30364.00
3676221,0000006400,981231,CREDIT,80.70,13393.20
3681735,0000003273,981231,WITHDRAWAL,6.80,-6132.50
3681611,0000002335,981231,WITHDRAWAL,25.70,-2802.60
3680548,0000007156,981231,CREDIT,253.40,59759.70
3676179,0000006397,981231,CREDIT,262.80,70147.40
3673110,0000005794,981231,CREDIT,295.20,67017.60
3681610,0000002335,981231,CREDIT,8.70,-2776.80
3681734,0000003273,981231,CREDIT,35.20,-6125.70
3673410,0000005891,981231,CREDIT,456.20,106848.20
3681824,0000003953,981231,CREDIT,367.70,70126.20
3679150,0000006950,981231,CREDIT,312.10,59094.50
3682366,0000006083,981231,CREDIT,5.40,5198.80
3678790,0000006902,981231,CREDIT,73.60,18028.20
3674636,0000006148,981231,CREDIT,440.40,117837.60
3678875,0000006922,981231,CREDIT,366.60,79937.20
3680634,0000007176,981231,CREDIT,226.20,57381.70
3673136,0000005817,981231,CREDIT,187.90,64850.50
3678930,0000006924,981231,CREDIT,192.00,41267.30
3674506,0000006138,981231,CREDIT,150.00,38275.70
3682338,0000005927,981231,CREDIT,138.80,29980.70
3678994,0000006930,981231,CREDIT,249.60,67783.50
3676499,0000006440,981231,CREDIT,103.00,19887.30
3674043,0000006030,981231,CREDIT,326.70,75745.70
3672930,0000005774,981231,CREDIT,210.00,53225.40
3680724,0000007184,981231,CREDIT,232.70,52849.70
3680944,0000007240,981231,CREDIT,57.30,13987.60
3679292,0000006985,981231,CREDIT,200.90,64959.00
3679703,0000007049,981231,CREDIT,212.70,38874.40
3679689,0000007045,981231,CREDIT,246.10,47276.30
3676474,0000006434,981231,CREDIT,235.90,38708.10
3682194,0000005256,981231,CREDIT,164.70,45535.50
3680787,0000007190,981231,CREDIT,106.40,22731.30
3677093,0000006555,981231,CREDIT,422.80,61619.80
3679798,0000007082,981231,CREDIT,113.60,22345.20
3682134,0000005213,981231,CREDIT,311.70,89092.20
3682367,0000006083,981231,WITHDRAWAL,17.30,5181.50
3675970,0000006358,981231,CREDIT,156.80,36829.30
3439629,0000000904,981231,CREDIT,392.70,106048.30
3439961,0000000969,981231,CREDIT,273.70,65466.90
3439786,0000000946,981231,CREDIT,154.00,33571.70
3440019,0000000974,981231,CREDIT,209.60,56421.80
3439847,0000000956,981231,CREDIT,291.60,71828.90
3439685,0000000908,981231,CREDIT,93.90,19861.30
3440059,0000000994,981231,CREDIT,202.10,45745.60
3439750,0000000942,981231,CREDIT,247.30,74107.80
3439901,0000000964,981231,CREDIT,209.30,48393.10
3438031,0000000532,981231,CREDIT,421.90,74357.90
3438752,0000000643,981231,CREDIT,136.70,35954.20
3437846,0000000486,981231,CREDIT,415.40,105292.30
3438738,0000000624,981231,CREDIT,190.40,37450.60
3437903,0000000493,981231,CREDIT,135.90,35060.90
3438675,0000000613,981231,CREDIT,144.30,37736.50
3438647,0000000604,981231,CREDIT,178.50,47512.10
3437967,0000000523,981231,CREDIT,292.40,70703.00
3438586,0000000596,981231,CREDIT,423.70,87915.10
3437490,0000000391,981231,CREDIT,85.70,18672.10
3438536,0000000593,981231,CREDIT,292.30,69167.00
3438780,0000000677,981231,CREDIT,189.30,46933.00
3438473,0000000586,981231,CREDIT,92.10,22608.30
3438094,0000000540,981231,CREDIT,93.60,23311.10
3438423,0000000574,981231,CREDIT,393.60,103231.20
3438162,0000000551,981231,CREDIT,169.10,41511.40
3438358,0000000567,981231,CREDIT,167.10,53180.50
3438205,0000000553,981231,CREDIT,176.80,41620.20
3438328,0000000562,981231,CREDIT,262.80,65208.40
3438240,0000000554,981231,CREDIT,114.80,24666.50
3438258,0000000556,981231,CREDIT,218.90,55971.70
3437992,0000000530,981231,CREDIT,139.50,32985.60
3439153,0000000733,981231,CREDIT,386.90,84400.00
3439528,0000000847,981231,CREDIT,236.90,55786.80
3439499,0000000797,981231,CREDIT,173.40,39013.80
3439474,0000000796,981231,CREDIT,108.70,23073.10
3439454,0000000779,981231,CREDIT,140.70,33603.00
3439426,0000000774,981231,CREDIT,101.50,64833.40
3439359,0000000770,981231,CREDIT,175.00,46973.60
3439332,0000000765,981231,CREDIT,226.60,53355.70
3437417,0000000381,981231,CREDIT,204.60,49152.80
3437429,0000000387,981231,CREDIT,244.10,43155.40
3438765,0000000671,981231,CREDIT,54.00,12234.70
3438507,0000000590,981231,CREDIT,231.40,59026.90
3437809,0000000439,981231,CREDIT,120.00,28765.40
3439109,0000000730,981231,CREDIT,335.20,82695.10
3437552,0000000419,981231,CREDIT,100.60,26547.50
3439046,0000000716,981231,CREDIT,233.40,67140.90
3437603,0000000422,981231,CREDIT,188.20,76669.90
3438995,0000000709,981231,CREDIT,278.20,58407.60
3437704,0000000432,981231,CREDIT,95.70,26161.30
3438911,0000000701,981231,CREDIT,173.10,44007.70
3438844,0000000699,981231,CREDIT,429.00,113340.00
3439572,0000000893,981231,CREDIT,355.30,91227.30
3439255,0000000741,981231,CREDIT,232.90,56589.10
3581671,0000001559,981231,CREDIT,245.70,54292.60
3581620,0000001558,981231,CREDIT,109.50,24190.70
3581045,0000001536,981231,CREDIT,270.80,69689.50
3580089,0000001508,981231,CREDIT,172.80,32066.60
3579451,0000001487,981231,CREDIT,115.80,28582.80
3578855,0000001472,981231,CREDIT,118.00,29671.00
3579876,0000001500,981231,CREDIT,287.00,57860.60
3580546,0000001520,981231,CREDIT,169.90,40428.30
3578694,0000001468,981231,CREDIT,111.60,27232.30
3580319,0000001514,981231,CREDIT,88.00,20755.80
3580579,0000001521,981231,CREDIT,74.90,18042.70
3578814,0000001471,981231,CREDIT,227.60,59396.50
3581594,0000001557,981231,CREDIT,198.50,48023.60
3582053,0000001572,981231,CREDIT,103.00,25780.20
3578422,0000001458,981231,CREDIT,134.10,33412.90
3578883,0000001473,981231,CREDIT,82.40,20204.20
3580591,0000001523,981231,CREDIT,146.50,21067.60
3579289,0000001484,981231,CREDIT,140.60,34160.90
3578277,0000001453,981231,CREDIT,133.70,39923.70
3579614,0000001493,981231,CREDIT,68.70,17535.90
3581772,0000001562,981231,CREDIT,81.30,19089.70
3581900,0000001566,981231,CREDIT,178.40,46966.00
3581957,0000001568,981231,CREDIT,227.80,61217.90
3580443,0000001516,981231,CREDIT,156.30,38602.30
3579387,0000001486,981231,CREDIT,232.10,65355.30
3580385,0000001515,981231,CREDIT,197.70,32489.80
3580467,0000001517,981231,CREDIT,64.90,16019.20
3581916,0000001567,981231,CREDIT,295.00,74923.80
3581834,0000001565,981231,CREDIT,127.70,32399.00
3579139,0000001480,981231,CREDIT,149.50,29674.60
3579788,0000001497,981231,CREDIT,135.60,33918.10
3581691,0000001560,981231,CREDIT,174.20,42618.20
3579676,0000001495,981231,CREDIT,101.70,21265.00
3580061,0000001507,981231,CREDIT,314.30,76851.50
3579352,0000001485,981231,CREDIT,467.30,109356.70
3578493,0000001461,981231,CREDIT,335.00,99222.80
3579501,0000001490,981231,CREDIT,178.90,74064.70
3580178,0000001510,981231,CREDIT,130.50,38120.80
3581736,0000001561,981231,CREDIT,185.10,45750.50
3582063,0000001573,981231,CREDIT,62.20,12963.10
3579849,0000001499,981231,CREDIT,280.30,65466.50
3580610,0000001524,981231,CREDIT,82.60,18871.70
3580509,0000001519,981231,CREDIT,344.70,75864.10
3579902,0000001501,981231,CREDIT,109.00,26365.90
3578785,0000001470,981231,CREDIT,227.10,58077.80
3579983,0000001504,981231,CREDIT,91.20,20117.80
3581073,0000001538,981231,CREDIT,106.70,35861.80
3579230,0000001482,981231,CREDIT,294.30,78367.90
3578310,0000001456,981231,CREDIT,330.80,85538.10
3580716,0000001528,981231,CREDIT,243.40,63328.90
3581374,0000001549,981231,CREDIT,216.90,49982.60
3579206,0000001481,981231,CREDIT,74.40,19367.10
3578563,0000001465,981231,CREDIT,138.00,34070.80
3578636,0000001467,981231,CREDIT,319.00,77758.00
3581148,0000001542,981231,CREDIT,86.30,21906.90
3581349,0000001548,981231,CREDIT,89.70,22113.60
3582039,0000001571,981231,CREDIT,218.50,53451.20
3579542,0000001492,981231,CREDIT,123.20,29226.00
3580685,0000001526,981231,CREDIT,321.10,80730.50
3580748,0000001529,981231,CREDIT,74.40,17192.50
3581306,0000001546,981231,CREDIT,41.70,10761.50
3579723,0000001496,981231,CREDIT,122.70,34537.30
3579068,0000001478,981231,CREDIT,329.00,82360.30
3579042,0000001477,981231,CREDIT,88.70,21718.90
3580301,0000001513,981231,CREDIT,326.50,82854.70
3581281,0000001545,981231,CREDIT,112.30,61549.20
3578439,0000001459,981231,CREDIT,65.20,15304.00
3582010,0000001570,981231,CREDIT,81.80,20463.40
3580787,0000001530,981231,CREDIT,74.60,18119.30
3580144,0000001509,981231,CREDIT,79.60,17093.60
3581480,0000001552,981231,CREDIT,289.20,71765.90
3578460,0000001460,981231,CREDIT,113.50,27941.90
3580905,0000001534,981231,CREDIT,208.60,56494.10
3581213,0000001544,981231,CREDIT,203.40,47780.40
3578727,0000001469,981231,CREDIT,132.60,32531.50
3581550,0000001555,981231,CREDIT,204.80,47196.60
3579113,0000001479,981231,CREDIT,63.80,15014.30
3578520,0000001463,981231,CREDIT,151.10,37022.70
3581529,0000001554,981231,CREDIT,204.30,56717.90
3580638,0000001525,981231,CREDIT,71.90,18445.20
3579927,0000001502,981231,CREDIT,179.30,35754.50
3582078,0000001574,981231,CREDIT,119.30,28924.60
3578906,0000001474,981231,CREDIT,89.70,20860.10
3581573,0000001556,981231,CREDIT,232.90,55734.90
3579520,0000001491,981231,CREDIT,207.50,51410.50
3581118,0000001540,981231,CREDIT,395.00,99431.50
3580974,0000001535,981231,CREDIT,232.70,58026.50
3579955,0000001503,981231,CREDIT,94.40,21436.80
3581420,0000001551,981231,CREDIT,99.80,24871.20
3579471,0000001488,981231,CREDIT,139.10,31654.90
3580237,0000001512,981231,CREDIT,206.40,47490.20
3580814,0000001532,981231,CREDIT,378.90,91680.10
3578971,0000001476,981231,CREDIT,84.90,17204.70
3581406,0000001550,981231,CREDIT,148.80,36372.50
3579266,0000001483,981231,CREDIT,244.90,58298.60
3562067,0000000953,981231,CREDIT,110.00,26298.00
3558978,0000000871,981231,CREDIT,119.40,18622.80
3562230,0000000959,981231,CREDIT,98.40,24144.70
3561921,0000000947,981231,CREDIT,216.90,51464.20
3561985,0000000950,981231,CREDIT,381.00,85923.10
3562103,0000000954,981231,CREDIT,125.10,31031.70
3558885,0000000867,981231,CREDIT,69.90,22615.00
3558869,0000000866,981231,CREDIT,229.90,60553.80
3562132,0000000955,981231,CREDIT,217.30,55274.80
3558886,0000000867,981231,WITHDRAWAL,3.40,22611.50
3558463,0000000858,981231,CREDIT,215.40,58808.60
3562199,0000000958,981231,CREDIT,73.00,17383.10
3558950,0000000870,981231,CREDIT,95.60,21327.50
3562026,0000000952,981231,CREDIT,232.50,55167.00
3562013,0000000951,981231,CREDIT,82.90,20298.00
3562168,0000000957,981231,CREDIT,55.90,13037.50
3558479,0000000859,981231,CREDIT,174.10,40625.30
3558905,0000000868,981231,CREDIT,89.50,22712.00
3558434,0000000857,981231,CREDIT,91.10,21742.20
3561854,0000000945,981231,CREDIT,117.20,26984.20
3561826,0000000944,981231,CREDIT,203.80,52820.40
3560649,0000000914,981231,CREDIT,109.50,26752.40
3559211,0000000880,981231,CREDIT,193.10,35209.70
3560493,0000000909,981231,CREDIT,86.00,21420.10
3559689,0000000888,981231,CREDIT,93.30,19430.90
3560516,0000000910,981231,CREDIT,141.70,34669.10
3560545,0000000911,981231,CREDIT,178.30,26929.50
3559667,0000000887,981231,CREDIT,68.20,17146.30
3558751,0000000863,981231,CREDIT,358.10,55734.30
3560592,0000000913,981231,CREDIT,183.10,41697.20
3560411,0000000906,981231,CREDIT,72.00,17349.70
3558768,0000000864,981231,CREDIT,124.40,30161.60
3560696,0000000915,981231,CREDIT,299.70,81327.20
3559599,0000000886,981231,CREDIT,360.50,93909.80
3560724,0000000916,981231,CREDIT,128.90,34046.90
3560763,0000000917,981231,CREDIT,228.30,56836.80
3559533,0000000885,981231,CREDIT,416.20,88361.20
3560785,0000000918,981231,CREDIT,159.80,39166.30
3560561,0000000912,981231,CREDIT,84.40,18702.50
3560198,0000000900,981231,CREDIT,102.10,22847.40
3559933,0000000895,981231,CREDIT,74.30,17767.10
3559899,0000000894,981231,CREDIT,69.30,15964.90
3559975,0000000896,981231,CREDIT,175.70,15241.80
3560043,0000000897,981231,CREDIT,298.50,71682.50
3559861,0000000892,981231,CREDIT,220.60,53799.50
3560076,0000000898,981231,CREDIT,192.60,44158.10
3560477,0000000907,981231,CREDIT,63.60,16357.50
3559795,0000000891,981231,CREDIT,183.20,44556.30
3560807,0000000919,981231,CREDIT,173.90,38375.60
3560252,0000000901,981231,CREDIT,174.60,43560.10
3559768,0000000890,981231,CREDIT,141.20,34652.90
3560318,0000000902,981231,CREDIT,91.00,21117.90
3558683,0000000862,981231,CREDIT,410.20,103054.30
3560379,0000000903,981231,CREDIT,82.10,20333.60
3559697,0000000889,981231,CREDIT,106.90,25156.80
3560403,0000000905,981231,CREDIT,88.20,21827.70
3560142,0000000899,981231,CREDIT,206.60,54018.50
3561518,0000000937,981231,CREDIT,126.30,31141.10
3561385,0000000932,981231,CREDIT,115.10,28261.60
3559138,0000000877,981231,CREDIT,199.90,42869.90
3561419,0000000933,981231,CREDIT,129.50,31212.60
3561428,0000000934,981231,CREDIT,140.40,34414.60
3559107,0000000876,981231,CREDIT,62.40,11371.00
3561448,0000000935,981231,CREDIT,68.10,16634.90
3558612,0000000861,981231,CREDIT,94.60,19043.90
3559094,0000000875,981231,CREDIT,182.60,43025.30
3558548,0000000860,981231,CREDIT,95.10,29496.10
3561530,0000000938,981231,CREDIT,138.50,29723.30
3559054,0000000874,981231,CREDIT,139.10,42024.30
3561581,0000000939,981231,CREDIT,87.10,21174.00
3561630,0000000940,981231,CREDIT,416.30,109138.50
3559021,0000000873,981231,CREDIT,61.10,13352.90
3561685,0000000941,981231,CREDIT,105.00,25573.80
3561756,0000000943,981231,CREDIT,112.50,27138.10
3561482,0000000936,981231,CREDIT,92.60,22884.60
3561074,0000000926,981231,CREDIT,102.30,25012.00
3559001,0000000872,981231,CREDIT,185.70,46336.60
3560835,0000000920,981231,CREDIT,69.20,15526.70
3559406,0000000883,981231,CREDIT,137.90,31234.40
3560862,0000000921,981231,CREDIT,97.10,25257.70
3560906,0000000922,981231,CREDIT,263.60,62816.20
3559346,0000000882,981231,CREDIT,329.10,84775.60
3560941,0000000923,981231,CREDIT,121.40,29654.70
3561355,0000000931,981231,CREDIT,68.50,18722.80
3561048,0000000925,981231,CREDIT,262.40,57630.60
3559168,0000000878,981231,CREDIT,234.30,61022.00
3558797,0000000865,981231,CREDIT,91.20,21087.50
3561094,0000000927,981231,CREDIT,89.60,24754.30
3561162,0000000928,981231,CREDIT,285.60,64176.40
3559187,0000000879,981231,CREDIT,66.20,15984.20
3561228,0000000929,981231,CREDIT,117.10,30023.90
3561293,0000000930,981231,CREDIT,209.90,53614.70
3559467,0000000884,981231,CREDIT,84.50,20747.70
3560978,0000000924,981231,CREDIT,82.30,19887.70
3454483,0000007231,981231,CREDIT,236.80,89642.80
3455666,0000008628,981231,CREDIT,104.70,56182.90
3453826,0000006636,981231,CREDIT,394.20,88645.10
3453671,0000006473,981231,CREDIT,151.50,29843.30
3452208,0000005472,981231,CREDIT,24.10,6228.00
3453203,0000006064,981231,CREDIT,31.40,3606.00
3454829,0000007618,981231,CREDIT,49.00,13343.50
3453765,0000006512,981231,CREDIT,61.70,13944.10
3456557,0000009333,981231,CREDIT,250.20,71053.40
3452898,0000005870,981231,CREDIT,244.10,65075.00
3454617,0000007445,981231,CREDIT,68.80,16476.60
3452380,0000005546,981231,CREDIT,254.10,61142.90
3454713,0000007520,981231,WITHDRAWAL,130.20,-10953.20
3455755,0000008759,981231,CREDIT,132.90,35082.80
3456529,0000009208,981231,CREDIT,92.40,27103.90
3455841,0000008856,981231,CREDIT,467.10,137829.50
3454765,0000007523,981231,CREDIT,122.80,33509.10
3456510,0000009203,981231,CREDIT,336.80,90388.70
3453111,0000006034,981231,CREDIT,195.60,63892.00
3452400,0000005648,981231,CREDIT,246.10,49666.10
3452671,0000005735,981231,CREDIT,349.60,89024.80
3452619,0000005726,981231,CREDIT,95.80,15729.10
3456013,0000008957,981231,CREDIT,225.60,62151.70
3452883,0000005868,981231,CREDIT,306.10,101977.10
3453204,0000006064,981231,WITHDRAWAL,0.20,3605.80
3454543,0000007418,981231,CREDIT,68.20,16716.20
3455873,0000008896,981231,CREDIT,52.10,44341.60
3453178,0000006051,981231,CREDIT,64.80,10932.70
3454679,0000007449,981231,CREDIT,166.60,47947.10
3453725,0000006511,981231,CREDIT,38.20,9534.70
3452973,0000005927,981231,CREDIT,143.30,30124.00
3453231,0000006075,981231,CREDIT,68.20,18036.60
3454262,0000007011,981231,CREDIT,266.10,63317.40
3455441,0000008212,981231,CREDIT,356.50,100277.10
3456234,0000009051,981231,CREDIT,94.50,23188.10
3455379,0000008153,981231,CREDIT,183.90,72789.70
3455149,0000007966,981231,CREDIT,107.60,27610.00
3454161,0000006927,981231,CREDIT,200.20,50766.80
3453322,0000006118,981231,CREDIT,84.50,37872.20
3452812,0000005767,981231,CREDIT,29.40,12473.10
3455338,0000008132,981231,CREDIT,405.70,124312.60
3455124,0000007944,981231,CREDIT,410.50,113982.80
3453483,0000006281,981231,WITHDRAWAL,11.80,-1753.50
3453482,0000006281,981231,CREDIT,3.20,-1741.70
3452502,0000005692,981231,CREDIT,164.40,34718.30
3455359,0000008149,981231,CREDIT,96.50,32259.50
3455360,0000008149,981231,WITHDRAWAL,9.30,32342.60
3454083,0000006897,981231,CREDIT,462.30,93830.10
3452278,0000005483,981231,CREDIT,161.40,46568.90
3454122,0000006910,981231,CREDIT,288.80,69026.00
3456164,0000009041,981231,CREDIT,3.90,2349.90
3456094,0000009017,981231,CREDIT,48.50,21366.70
3454312,0000007052,981231,CREDIT,114.70,30796.50
3453598,0000006463,981231,CREDIT,377.60,115620.30
3456441,0000009199,981231,CREDIT,68.90,8331.60
3455027,0000007774,981231,CREDIT,137.50,47643.60
3455500,0000008341,981231,CREDIT,119.40,27179.10
3452586,0000005708,981231,CREDIT,220.20,75292.60
3453891,0000006715,981231,CREDIT,141.50,33024.20
3453397,0000006158,981231,CREDIT,185.00,61289.10
3453039,0000005984,981231,CREDIT,34.50,11124.30
3453259,0000006083,981231,WITHDRAWAL,124.20,5057.20
3455472,0000008225,981231,CREDIT,122.40,37435.70
3455947,0000008934,981231,CREDIT,176.40,43801.60
3453954,0000006806,981231,CREDIT,236.80,58799.50
3452445,0000005661,981231,CREDIT,87.90,12549.90
3453971,0000006866,981231,CREDIT,58.70,5421.70
3455062,0000007828,981231,CREDIT,207.30,53628.50
3456278,0000009052,981231,CREDIT,73.50,27707.90
3452745,0000005740,981231,CREDIT,56.70,14048.30
3454012,0000006872,981231,CREDIT,188.20,52897.50
3452311,0000005505,981231,CREDIT,345.50,83828.00
3452813,0000005767,981231,WITHDRAWAL,7.00,12466.10
3456165,0000009041,981231,WITHDRAWAL,44.20,2263.00
3511843,0000009494,981231,CREDIT,161.40,37695.50
3514832,0000009790,981231,CREDIT,310.90,64329.50
3509212,0000009208,981231,CREDIT,89.30,26912.90
3514649,0000009750,981231,CREDIT,248.50,108857.00
3515136,0000009814,981231,CREDIT,126.60,81256.40
3511811,0000009493,981231,CREDIT,344.40,89702.60
3514512,0000009731,981231,CREDIT,82.80,18842.30
3520700,0000010365,981231,CREDIT,203.40,55275.40
3513068,0000009627,981231,CREDIT,320.70,77031.50
3513098,0000009631,981231,CREDIT,76.00,13166.10
3513133,0000009633,981231,CREDIT,26.50,6865.80
3521104,0000010404,981231,CREDIT,202.70,50338.80
3513202,0000009635,981231,CREDIT,18.30,6902.10
3512798,0000009583,981231,CREDIT,305.60,66508.20
3513272,0000009640,981231,CREDIT,408.60,111742.80
3513347,0000009645,981231,CREDIT,127.80,26525.30
3512596,0000009560,981231,CREDIT,276.30,56023.70
3512317,0000009528,981231,CREDIT,131.70,28702.60
3512396,0000009549,981231,CREDIT,172.40,53116.30
3514463,0000009730,981231,CREDIT,152.60,39012.10
3512373,0000009548,981231,CREDIT,365.50,91829.10
3513506,0000009656,981231,CREDIT,196.80,38901.60
3513741,0000009673,981231,CREDIT,241.30,38854.00
3513767,0000009677,981231,CREDIT,149.60,37363.10
3512175,0000009513,981231,CREDIT,149.00,40110.60
3514035,0000009703,981231,CREDIT,223.70,74314.90
3512082,0000009510,981231,CREDIT,130.90,36343.20
3509125,0000009203,981231,CREDIT,320.20,90051.90
3514183,0000009707,981231,CREDIT,221.40,99600.30
3512003,0000009504,981231,CREDIT,84.80,17756.80
3513369,0000009646,981231,CREDIT,261.80,59246.60
3519396,0000010215,981231,CREDIT,323.70,82176.20
3520476,0000010351,981231,CREDIT,61.80,14960.20
3517553,0000010068,981231,CREDIT,148.30,23327.20
3517673,0000010079,981231,CREDIT,118.10,22377.20
3517896,0000010093,981231,CREDIT,209.40,55178.20
3518054,0000010105,981231,CREDIT,320.10,72452.60
3510142,0000009333,981231,CREDIT,222.40,70803.20
3518480,0000010131,981231,CREDIT,41.70,12291.70
3509991,0000009307,981231,CREDIT,323.60,111644.50
3520349,0000010345,981231,CREDIT,82.30,20975.70
3518500,0000010134,981231,CREDIT,290.90,54589.70
3518592,0000010148,981231,CREDIT,273.30,64879.20
3518636,0000010152,981231,CREDIT,79.90,46727.80
3511166,0000009433,981231,CREDIT,151.00,35673.30
3509800,0000009265,981231,CREDIT,173.30,85904.40
3510342,0000009353,981231,CREDIT,122.50,31535.30
3519425,0000010220,981231,CREDIT,109.00,37790.20
3509517,0000009235,981231,CREDIT,269.60,74808.90
3519530,0000010233,981231,CREDIT,145.00,27021.10
3509731,0000009263,981231,CREDIT,80.30,32233.80
3519634,0000010243,981231,CREDIT,301.70,45860.10
3509641,0000009242,981231,CREDIT,150.00,44455.70
3520316,0000010343,981231,WITHDRAWAL,41.10,-6979.70
3519763,0000010257,981231,CREDIT,242.20,83199.60
3509608,0000009241,981231,CREDIT,106.20,27213.10
3519937,0000010280,981231,CREDIT,322.10,94207.50
3509581,0000009236,981231,CREDIT,283.50,109183.00
3520041,0000010297,981231,CREDIT,314.30,77686.60
3519220,0000010202,981231,CREDIT,133.40,33737.60
3511093,0000009424,981231,CREDIT,151.80,40314.30
3511751,0000009491,981231,CREDIT,294.60,50525.50
3520658,0000010364,981231,CREDIT,244.90,50990.90
3515326,0000009828,981231,CREDIT,197.00,38073.30
3511647,0000009484,981231,WITHDRAWAL,0.70,11369.20
3511646,0000009484,981231,CREDIT,29.60,11370.60
3511559,0000009472,981231,CREDIT,193.10,53902.00
3515416,0000009833,981231,CREDIT,183.70,37755.90
3515445,0000009859,981231,CREDIT,267.40,49075.40
3520544,0000010361,981231,CREDIT,58.30,13413.90
3515541,0000009869,981231,CREDIT,363.00,85701.40
3515703,0000009883,981231,CREDIT,117.90,45968.20
3511360,0000009455,981231,CREDIT,271.60,62397.80
3510238,0000009337,981231,CREDIT,57.70,30055.90
3516898,0000010018,981231,CREDIT,75.30,28177.10
3517489,0000010065,981231,CREDIT,373.80,93433.20
3520224,0000010320,981231,CREDIT,164.10,41848.90
3516255,0000009928,981231,CREDIT,288.20,66212.20
3511069,0000009422,981231,CREDIT,234.20,39605.70
3509395,0000009225,981231,CREDIT,311.00,88540.00
3516766,0000010001,981231,CREDIT,335.60,78919.80
3510852,0000009403,981231,CREDIT,113.00,26220.20
3516779,0000010005,981231,CREDIT,197.20,53811.10
3517027,0000010022,981231,CREDIT,267.60,66172.60
3510528,0000009377,981231,CREDIT,143.50,43012.00
3509432,0000009227,981231,CREDIT,62.70,15191.90
3517371,0000010049,981231,CREDIT,97.20,14448.90
3517456,0000010063,981231,CREDIT,259.10,50284.10
3515234,0000009826,981231,CREDIT,218.00,45441.00
3515998,0000009897,981231,CREDIT,210.40,45652.20
3577352,0000001425,981231,CREDIT,213.30,52187.40
3574685,0000001341,981231,CREDIT,71.00,17585.90
3578030,0000001447,981231,CREDIT,114.60,19511.90
3577485,0000001429,981231,CREDIT,126.80,29480.20
3574802,0000001347,981231,CREDIT,52.90,13060.00
3574957,0000001352,981231,CREDIT,254.70,63418.10
3576968,0000001414,981231,CREDIT,152.30,37587.80
3577228,0000001422,981231,CREDIT,164.30,38150.40
3576457,0000001403,981231,CREDIT,88.60,25214.20
3577064,0000001418,981231,CREDIT,112.50,31361.40
3576812,0000001411,981231,CREDIT,395.80,98187.50
3577554,0000001434,981231,CREDIT,88.60,22086.00
3575314,0000001368,981231,CREDIT,55.70,12590.20
3574652,0000001340,981231,CREDIT,95.60,23518.50
3575044,0000001355,981231,CREDIT,231.60,58296.10
3574815,0000001348,981231,CREDIT,215.30,52325.00
3575484,0000001373,981231,CREDIT,69.30,15899.30
3578214,0000001451,981231,CREDIT,83.80,21821.20
3576159,0000001395,981231,CREDIT,204.10,51689.30
3575806,0000001381,981231,CREDIT,92.80,20235.30
3574321,0000001331,981231,CREDIT,128.80,19021.80
3574762,0000001345,981231,CREDIT,163.50,53931.80
3575511,0000001374,981231,CREDIT,228.10,37248.00
3577898,0000001443,981231,CREDIT,198.80,42034.90
3576257,0000001397,981231,CREDIT,151.50,43480.00
3576609,0000001406,981231,CREDIT,69.80,16232.60
3575261,0000001366,981231,CREDIT,87.20,23589.50
3574480,0000001335,981231,CREDIT,173.70,47778.50
3575567,0000001375,981231,CREDIT,347.50,84826.00
3575937,0000001389,981231,CREDIT,204.40,63132.50
3575113,0000001358,981231,CREDIT,171.60,38969.80
3576419,0000001402,981231,CREDIT,102.70,23611.50
3575158,0000001363,981231,CREDIT,156.10,31792.80
3576122,0000001394,981231,CREDIT,268.20,66187.90
3575081,0000001357,981231,CREDIT,256.50,62788.20
3575289,0000001367,981231,CREDIT,104.10,24521.20
3574700,0000001342,981231,CREDIT,178.20,37162.30
3577502,0000001432,981231,CREDIT,114.90,22503.40
3574638,0000001338,981231,CREDIT,421.80,108976.60
3574780,0000001346,981231,CREDIT,56.90,12927.60
3574502,0000001336,981231,CREDIT,124.60,23340.90
3577928,0000001444,981231,CREDIT,243.60,58109.40
3577041,0000001417,981231,CREDIT,398.70,102352.60
3577267,0000001423,981231,CREDIT,60.60,14339.10
3574441,0000001333,981231,CREDIT,97.60,25174.80
3575028,0000001354,981231,CREDIT,61.70,13144.30
3575347,0000001369,981231,CREDIT,224.50,54417.70
3576921,0000001413,981231,CREDIT,129.60,33180.70
3575744,0000001380,981231,CREDIT,296.40,68911.50
3575137,0000001361,981231,CREDIT,200.10,50348.60
3577579,0000001435,981231,CREDIT,212.30,54417.40
3576747,0000001410,981231,CREDIT,350.10,86235.10
3578118,0000001449,981231,CREDIT,240.50,58886.10
3577424,0000001427,981231,CREDIT,257.90,53651.50
3577769,0000001440,981231,CREDIT,82.40,20761.40
3577164,0000001420,981231,CREDIT,168.30,42305.10
3577706,0000001439,981231,CREDIT,79.40,19493.50
3575013,0000001353,981231,CREDIT,137.60,40673.50
3578008,0000001446,981231,CREDIT,360.70,93765.50
3575695,0000001378,981231,CREDIT,366.50,99418.50
3574906,0000001351,981231,CREDIT,123.70,29192.70
3576053,0000001392,981231,CREDIT,359.70,64968.80
3575961,0000001390,981231,CREDIT,137.90,33147.70
3577883,0000001442,981231,CREDIT,214.50,54623.90
3575900,0000001383,981231,CREDIT,135.20,32566.20
3575191,0000001365,981231,CREDIT,293.80,71921.40
3577961,0000001445,981231,CREDIT,73.00,15443.30
3574566,0000001337,981231,CREDIT,279.70,68304.60
3575871,0000001382,981231,CREDIT,100.70,24983.60
3576188,0000001396,981231,CREDIT,158.50,33540.70
3577816,0000001441,981231,CREDIT,183.20,42468.00
3575602,0000001376,981231,CREDIT,98.20,23256.70
3575985,0000001391,981231,CREDIT,170.70,42889.00
3575422,0000001371,981231,CREDIT,103.80,25696.60
3576630,0000001407,981231,CREDIT,338.70,74174.80
3576520,0000001404,981231,CREDIT,285.30,58637.30
3577628,0000001436,981231,CREDIT,204.60,50407.20
3576551,0000001405,981231,CREDIT,163.70,39238.80
3576288,0000001399,981231,CREDIT,137.40,37188.40
3574877,0000001350,981231,CREDIT,231.30,54579.30
3574849,0000001349,981231,CREDIT,75.80,16248.30
3575370,0000001370,981231,CREDIT,175.40,39710.30
3576078,0000001393,981231,CREDIT,135.80,32149.00
3574390,0000001332,981231,CREDIT,405.90,95531.60
3576879,0000001412,981231,CREDIT,118.20,31866.70
3577386,0000001426,981231,CREDIT,95.80,23200.60
3576350,0000001401,981231,CREDIT,166.10,41655.80
3577675,0000001437,981231,CREDIT,91.90,22467.20
3575710,0000001379,981231,CREDIT,195.70,47827.30
3577286,0000001424,981231,CREDIT,93.10,21459.50
3577121,0000001419,981231,CREDIT,128.80,31991.80
3578151,0000001450,981231,CREDIT,215.10,53500.20
3575625,0000001377,981231,CREDIT,62.80,15025.00
3575920,0000001385,981231,CREDIT,272.60,69466.60
3682987,0000010451,981231,CREDIT,42.20,13695.00
3442996,0000001612,981231,CREDIT,125.20,45573.70
3442468,0000001421,981231,CREDIT,245.40,65484.60
3442375,0000001388,981231,CREDIT,221.60,63399.60
3443184,0000001648,981231,CREDIT,91.00,20986.80
3441899,0000001313,981231,CREDIT,167.20,41826.20
3443829,0000001769,981231,CREDIT,81.30,18464.20
3440298,0000001032,981231,CREDIT,407.80,99922.00
3443722,0000001757,981231,CREDIT,295.10,44883.10
3440630,0000001077,981231,CREDIT,275.40,98011.20
3441041,0000001150,981231,CREDIT,222.30,47092.90
3441884,0000001310,981231,CREDIT,97.70,17236.50
3442417,0000001408,981231,CREDIT,344.50,91943.60
3443553,0000001725,981231,CREDIT,181.40,27281.10
3440839,0000001112,981231,CREDIT,372.90,84478.10
3441361,0000001192,981231,CREDIT,191.20,44538.50
3440230,0000001023,981231,CREDIT,90.10,41292.10
3442095,0000001356,981231,CREDIT,47.00,14322.20
3443638,0000001752,981231,CREDIT,252.50,70097.00
3443167,0000001634,981231,CREDIT,394.10,100512.10
3440742,0000001103,981231,CREDIT,108.50,31272.80
3442033,0000001339,981231,CREDIT,168.20,34146.30
3441392,0000001210,981231,CREDIT,182.20,44695.20
3443112,0000001627,981231,CREDIT,137.10,32293.20
3443441,0000001694,981231,CREDIT,46.40,9829.90
3440792,0000001109,981231,CREDIT,242.60,63567.00
3441054,0000001156,981231,CREDIT,352.00,86455.00
3442018,0000001334,981231,CREDIT,79.00,19569.20
3441452,0000001225,981231,CREDIT,266.10,66941.10
3442230,0000001362,981231,CREDIT,198.50,61043.60
3440089,0000001007,981231,CREDIT,338.70,79333.00
3441183,0000001164,981231,CREDIT,150.70,22076.80
3443053,0000001626,981231,CREDIT,179.60,46361.30
3442299,0000001372,981231,CREDIT,90.80,22945.60
3442499,0000001431,981231,CREDIT,88.10,20259.60
3441951,0000001327,981231,CREDIT,79.00,19325.10
3442206,0000001360,981231,CREDIT,269.80,62722.40
3441679,0000001254,981231,CREDIT,321.20,96054.40
3441607,0000001237,981231,CREDIT,297.10,59876.90
3440362,0000001042,981231,CREDIT,198.30,49501.80
3442877,0000001564,981231,CREDIT,185.00,39405.30
3443281,0000001654,981231,CREDIT,222.90,40873.10
3442662,0000001518,981231,CREDIT,448.00,114544.40
3441715,0000001263,981231,CREDIT,267.90,73584.30
3443252,0000001649,981231,CREDIT,65.10,19717.50
3441123,0000001157,981231,CREDIT,109.00,31589.60
3442679,0000001522,981231,CREDIT,256.40,60961.00
3443782,0000001768,981231,CREDIT,209.30,51576.70
3442843,0000001553,981231,CREDIT,100.10,21583.70
3442594,0000001494,981231,CREDIT,292.90,79700.60
3441316,0000001184,981231,CREDIT,368.10,94799.70
3442697,0000001537,981231,CREDIT,259.80,70815.90
3441634,0000001243,981231,CREDIT,343.20,110553.10
3440166,0000001014,981231,CREDIT,119.10,23509.20
3443859,0000001781,981231,CREDIT,136.60,30479.30
3440991,0000001147,981231,CREDIT,213.00,55133.20
3442723,0000001541,981231,CREDIT,87.80,17012.60
3442819,0000001547,981231,CREDIT,110.80,49823.90
3443579,0000001746,981231,CREDIT,350.50,54031.80
3440464,0000001063,981231,CREDIT,357.70,89299.90
3442553,0000001452,981231,CREDIT,378.60,102868.20
3442962,0000001606,981231,CREDIT,329.20,79095.70
3440871,0000001121,981231,CREDIT,327.90,82385.80
3441735,0000001281,981231,CREDIT,422.00,101378.10
3442514,0000001438,981231,CREDIT,168.30,42638.40
3442756,0000001543,981231,CREDIT,95.40,23367.90
3441850,0000001305,981231,CREDIT,401.20,107871.60
3441481,0000001232,981231,CREDIT,154.40,34073.40
3440560,0000001066,981231,CREDIT,391.20,79348.90
3443677,0000001754,981231,CREDIT,280.30,59131.80
3441549,0000001236,981231,CREDIT,64.60,15821.70
3441329,0000001186,981231,CREDIT,154.60,35162.30
3443606,0000001751,981231,CREDIT,157.80,37768.30
3441786,0000001301,981231,CREDIT,72.10,16969.90
3440133,0000001010,981231,CREDIT,218.00,48576.50
3442928,0000001587,981231,CREDIT,139.80,42086.60
3440533,0000001065,981231,CREDIT,78.40,20238.30
3442903,0000001585,981231,CREDIT,127.90,30317.10
3441261,0000001180,981231,CREDIT,370.20,84376.30
3442579,0000001464,981231,CREDIT,301.10,42321.10
3443317,0000001682,981231,CREDIT,164.30,38797.20
3440911,0000001122,981231,CREDIT,54.30,13206.30
3443334,0000001687,981231,CREDIT,62.40,15649.40
3443511,0000001713,981231,CREDIT,69.70,17338.40
3653591,0000003730,981231,CREDIT,248.00,60883.70
3654608,0000003758,981231,CREDIT,171.90,41743.80
3654091,0000003746,981231,CREDIT,420.80,104119.50
3656350,0000003808,981231,CREDIT,292.90,77322.80
3652715,0000003702,981231,CREDIT,312.90,79849.80
3654737,0000003760,981231,CREDIT,390.50,111133.60
3656245,0000003806,981231,CREDIT,210.90,54477.80
3653094,0000003714,981231,CREDIT,254.40,80452.20
3653384,0000003725,981231,CREDIT,330.70,80798.80
3655753,0000003791,981231,CREDIT,289.00,58935.20
3655392,0000003780,981231,CREDIT,80.10,18951.20
3654862,0000003766,981231,CREDIT,372.20,107951.60
3654208,0000003748,981231,CREDIT,68.00,16591.80
3655357,0000003779,981231,CREDIT,269.50,59153.30
3654665,0000003759,981231,CREDIT,179.00,44726.40
3653038,0000003713,981231,CREDIT,424.40,109750.60
3654281,0000003750,981231,CREDIT,240.50,60005.70
3655623,0000003785,981231,CREDIT,306.20,64642.10
3655316,0000003778,981231,CREDIT,416.30,96578.50
3656285,0000003807,981231,CREDIT,254.10,56129.60
3653499,0000003728,981231,CREDIT,98.20,30237.50
3656039,0000003800,981231,CREDIT,46.20,10869.70
3655693,0000003787,981231,CREDIT,295.40,81792.80
3654899,0000003767,981231,CREDIT,240.90,62224.30
3656012,0000003799,981231,CREDIT,147.70,28393.50
3653447,0000003727,981231,CREDIT,315.10,78671.50
3653412,0000003726,981231,CREDIT,121.50,66633.30
3654929,0000003769,981231,CREDIT,104.80,22923.60
3655207,0000003776,981231,CREDIT,280.50,72622.60
3655091,0000003773,981231,CREDIT,96.50,23320.20
3654344,0000003751,981231,CREDIT,181.70,51223.80
3656499,0000003813,981231,CREDIT,136.60,26842.00
3653539,0000003729,981231,CREDIT,66.80,16069.50
3655721,0000003789,981231,CREDIT,267.80,46695.80
3655554,0000003784,981231,CREDIT,164.80,39012.40
3652878,0000003709,981231,CREDIT,235.90,52144.70
3656067,0000003802,981231,CREDIT,65.70,16711.00
3654147,0000003747,981231,CREDIT,73.10,17077.60
3654236,0000003749,981231,CREDIT,207.90,60582.10
3653736,0000003736,981231,CREDIT,130.60,31466.90
